pb	[s. pag.]	0001	473376
pb	[s. pag.]	0002	473377
pb	[s. pag.]	0003	473378
pb	[s. pag.]	0004	473379
entry	Nevralgie		
pb	2	0005	473380
pb	3	0006	473381
pb	4	0007	473382
pb	5	0008	473383
pb	6	0009	473384
pb	7	0010	473385
pb	8	0011	473386
pb	9	0012	473387
pb	10	0013	473388
pb	11	0014	473389
pb	12	0015	473390
pb	13	0016	473391
pb	14	0017	473392
pb	15	0018	473393
pb	16	0019	473394
pb	17	0020	473395
pb	18	0021	473396
pb	19	0022	473397
pb	20	0023	473398
pb	21	0024	473399
pb	22	0025	473400
pb	23	0026	473401
pb	24	0027	473402
pb	25	0028	473403
pb	26	0029	473404
pb	27	0030	473405
entry	Nevroses		
pb	28	0031	473406
pb	29	0032	473407
pb	30	0033	473408
pb	31	0034	473409
pb	32	0035	473410
pb	33	0036	473411
pb	34	0037	473412
pb	35	0038	473413
pb	36	0039	473414
pb	37	0040	473415
pb	38	0041	473416
pb	39	0042	473417
pb	40	0043	473418
pb	41	0044	473419
entry	Nez		
pb	42	0045	473420
pb	43	0046	473421
pb	44	0047	473422
pb	45	0048	473423
pb	46	0049	473424
pb	47	0050	473425
pb	48	0051	473426
pb	49	0052	473427
pb	50	0053	473428
pb	51	0054	473429
pb	52	0055	473430
pb	53	0056	473431
pb	54	0057	473432
pb	55	0058	473433
pb	56	0059	473434
pb	57	0060	473435
pb	58	0061	473436
pb	59	0062	473437
pb	60	0063	473438
pb	61	0064	473439
pb	62	0065	473440
pb	63	0066	473441
pb	64	0067	473442
pb	65	0068	473443
pb	66	0069	473444
pb	67	0070	473445
pb	68	0071	473446
pb	69	0072	473447
pb	70	0073	473448
pb	71	0074	473449
pb	72	0075	473450
pb	73	0076	473451
pb	74	0077	473452
pb	75	0078	473453
pb	76	0079	473454
pb	77	0080	473455
pb	78	0081	473456
pb	79	0082	473457
pb	80	0083	473458
pb	81	0084	473459
pb	82	0085	473460
pb	83	0086	473461
pb	84	0087	473462
pb	85	0088	473463
pb	86	0089	473464
pb	87	0090	473465
pb	88	0091	473466
pb	89	0092	473467
pb	90	0093	473468
pb	91	0094	473469
pb	92	0095	473470
pb	93	0096	473471
pb	94	0097	473472
pb	95	0098	473473
pb	96	0099	473474
pb	97	0100	473475
pb	98	0101	473476
pb	99	0102	473477
pb	100	0103	473478
pb	101	0104	473479
pb	102	0105	473480
pb	103	0106	473481
pb	104	0107	473482
pb	105	0108	473483
pb	106	0109	473484
pb	107	0110	473485
pb	108	0111	473486
pb	109	0112	473487
pb	110	0113	473488
pb	111	0114	473489
pb	112	0115	473490
pb	113	0116	473491
pb	114	0117	473492
pb	115	0118	473493
pb	116	0119	473494
pb	117	0120	473495
pb	118	0121	473496
entry	Nitrique		
pb	119	0122	473497
pb	120	0123	473498
pb	121	0124	473499
pb	122	0125	473500
pb	123	0126	473501
pb	124	0127	473502
pb	125	0128	473503
entry	Noix vomique		
entry	Nosologie, Nosographie		
orth	Nosologie		
orth	Nosographie		
entry	Nostalgie		
pb	126	0129	473504
entry	Nourrice		
pb	127	0130	473505
pb	128	0131	473506
pb	129	0132	473507
pb	130	0133	473508
pb	131	0134	473509
entry	Nouveau-né		
pb	132	0135	473510
pb	133	0136	473511
pb	134	0137	473512
pb	135	0138	473513
pb	136	0139	473514
pb	137	0140	473515
pb	138	0141	473516
pb	139	0142	473517
pb	140	0143	473518
pb	141	0144	473519
pb	142	0145	473520
pb	143	0146	473521
pb	144	0147	473522
pb	145	0148	473523
pb	146	0149	473524
pb	147	0150	473525
pb	148	0151	473526
pb	149	0152	473527
pb	150	0153	473528
pb	151	0154	473529
pb	152	0155	473530
pb	153	0156	473531
pb	154	0157	473532
pb	155	0158	473533
pb	156	0159	473534
pb	157	0160	473535
pb	158	0161	473536
pb	159	0162	473537
pb	160	0163	473538
pb	161	0164	473539
pb	162	0165	473540
pb	163	0166	473541
entry	Noyés		
entry	Nutrition		
pb	164	0167	473542
pb	165	0168	473543
pb	166	0169	473544
pb	167	0170	473545
pb	168	0171	473546
pb	169	0172	473547
pb	170	0173	473548
pb	171	0174	473549
pb	172	0175	473550
pb	173	0176	473551
pb	174	0177	473552
pb	175	0178	473553
pb	176	0179	473554
pb	177	0180	473555
pb	178	0181	473556
pb	179	0182	473557
pb	180	0183	473558
pb	181	0184	473559
pb	182	0185	473560
pb	183	0186	473561
pb	184	0187	473562
pb	185	0188	473563
entry	Nyctalopie		
pb	186	0189	473564
pb	187	0190	473565
entry	Nymphea		
entry	Nympheacées		
pb	188	0191	473566
pb	189	0192	473567
entry	Nymphes, Nymphotomie		
orth	Nymphes		
orth	Nymphotomie		
entry	Nymphomanie		
entry	Lettre O		
entry	Obstétrique		
pb	190	0193	473568
pb	191	0194	473569
pb	192	0195	473570
pb	193	0196	473571
pb	194	0197	473572
pb	195	0198	473573
pb	196	0199	473574
pb	197	0200	473575
pb	198	0201	473576
pb	199	0202	473577
pb	200	0203	473578
pb	201	0204	473579
pb	202	0205	473580
pb	203	0206	473581
pb	204	0207	473582
pb	205	0208	473583
pb	206	0209	473584
pb	207	0210	473585
pb	208	0211	473586
pb	209	0212	473587
pb	210	0213	473588
pb	211	0214	473589
pb	212	0215	473590
pb	213	0216	473591
pb	214	0217	473592
pb	215	0218	473593
pb	216	0219	473594
pb	217	0220	473595
pb	218	0221	473596
pb	219	0222	473597
pb	220	0223	473598
pb	221	0224	473599
pb	222	0225	473600
pb	223	0226	473601
pb	224	0227	473602
pb	225	0228	473603
pb	226	0229	473604
pb	227	0230	473605
pb	228	0231	473606
pb	229	0232	473607
pb	230	0233	473608
pb	231	0234	473609
pb	232	0235	473610
entry	Odontalgie		
pb	233	0236	473611
pb	234	0237	473612
pb	235	0238	473613
pb	236	0239	473614
entry	Odontotechnie		
pb	237	0240	473615
pb	238	0241	473616
pb	239	0242	473617
pb	240	0243	473618
pb	241	0244	473619
pb	242	0245	473620
pb	243	0246	473621
pb	244	0247	473622
pb	245	0248	473623
pb	246	0249	473624
pb	247	0250	473625
pb	248	0251	473626
pb	249	0252	473627
pb	250	0253	473628
pb	251	0254	473629
pb	252	0255	473630
pb	253	0256	473631
pb	254	0257	473632
pb	255	0258	473633
pb	256	0259	473634
pb	257	0260	473635
pb	258	0261	473636
pb	259	0262	473637
pb	260	0263	473638
pb	261	0264	473639
pb	262	0265	473640
pb	263	0266	473641
pb	264	0267	473642
pb	265	0268	473643
pb	266	0269	473644
pb	267	0270	473645
pb	268	0271	473646
pb	269	0272	473647
pb	270	0273	473648
pb	271	0274	473649
pb	272	0275	473650
pb	273	0276	473651
pb	274	0277	473652
pb	275	0278	473653
entry	Odorat		
pb	276	0279	473654
entry	Oedème		
pb	277	0280	473655
pb	278	0281	473656
pb	279	0282	473657
pb	280	0283	473658
pb	281	0284	473659
pb	282	0285	473660
pb	283	0286	473661
entry	Oeil		
pb	284	0287	473662
pb	285	0288	473663
pb	286	0289	473664
pb	287	0290	473665
pb	288	0291	473666
pb	289	0292	473667
pb	290	0293	473668
pb	291	0294	473669
pb	292	0295	473670
pb	293	0296	473671
pb	294	0297	473672
pb	295	0298	473673
pb	296	0299	473674
pb	297	0300	473675
pb	298	0301	473676
pb	299	0302	473677
pb	300	0303	473678
pb	301	0304	473679
pb	302	0305	473680
pb	303	0306	473681
pb	304	0307	473682
pb	305	0308	473683
pb	306	0309	473684
pb	307	0310	473685
pb	308	0311	473686
pb	309	0312	473687
pb	310	0313	473688
pb	311	0314	473689
pb	312	0315	473690
pb	313	0316	473691
pb	314	0317	473692
pb	315	0318	473693
pb	316	0319	473694
pb	317	0320	473695
pb	318	0321	473696
pb	319	0322	473697
pb	320	0323	473698
pb	321	0324	473699
pb	322	0325	473700
pb	323	0326	473701
pb	324	0327	473702
pb	325	0328	473703
pb	326	0329	473704
pb	327	0330	473705
pb	328	0331	473706
pb	329	0332	473707
pb	330	0333	473708
pb	331	0334	473709
pb	332	0335	473710
pb	333	0336	473711
pb	334	0337	473712
pb	335	0338	473713
pb	336	0339	473714
pb	337	0340	473715
pb	338	0341	473716
pb	339	0342	473717
pb	340	0343	473718
pb	341	0344	473719
pb	342	0345	473720
pb	343	0346	473721
pb	344	0347	473722
pb	345	0348	473723
pb	346	0349	473724
pb	347	0350	473725
pb	348	0351	473726
pb	349	0352	473727
pb	350	0353	473728
pb	351	0354	473729
pb	352	0355	473730
pb	353	0356	473731
pb	354	0357	473732
pb	355	0358	473733
pb	356	0359	473734
pb	357	0360	473735
pb	358	0361	473736
pb	359	0362	473737
pb	360	0363	473738
pb	361	0364	473739
pb	362	0365	473740
pb	363	0366	473741
pb	364	0367	473742
pb	365	0368	473743
pb	366	0369	473744
pb	367	0370	473745
pb	368	0371	473746
entry	Oenanthe		
pb	369	0372	473747
pb	370	0373	473748
entry	Oesophage		
pb	371	0374	473749
pb	372	0375	473750
pb	373	0376	473751
pb	374	0377	473752
pb	375	0378	473753
pb	376	0379	473754
pb	377	0380	473755
pb	378	0381	473756
pb	379	0382	473757
pb	380	0383	473758
pb	381	0384	473759
pb	382	0385	473760
pb	383	0386	473761
pb	384	0387	473762
pb	385	0388	473763
pb	386	0389	473764
pb	387	0390	473765
pb	388	0391	473766
pb	389	0392	473767
pb	390	0393	473768
pb	391	0394	473769
pb	392	0395	473770
pb	393	0396	473771
pb	394	0397	473772
pb	395	0398	473773
pb	396	0399	473774
pb	397	0400	473775
pb	398	0401	473776
pb	399	0402	473777
pb	400	0403	473778
pb	401	0404	473779
pb	402	0405	473780
pb	403	0406	473781
pb	404	0407	473782
pb	405	0408	473783
pb	406	0409	473784
pb	407	0410	473785
pb	408	0411	473786
pb	409	0412	473787
pb	410	0413	473788
pb	411	0414	473789
pb	412	0415	473790
pb	413	0416	473791
pb	414	0417	473792
pb	415	0418	473793
pb	416	0419	473794
pb	417	0420	473795
pb	418	0421	473796
pb	419	0422	473797
pb	420	0423	473798
pb	421	0424	473799
pb	422	0425	473800
pb	423	0426	473801
pb	424	0427	473802
pb	425	0428	473803
pb	426	0429	473804
pb	427	0430	473805
pb	428	0431	473806
pb	429	0432	473807
pb	430	0433	473808
pb	431	0434	473809
pb	432	0435	473810
pb	433	0436	473811
entry	Oeuf humain		
pb	434	0437	473812
pb	435	0438	473813
pb	436	0439	473814
pb	437	0440	473815
pb	438	0441	473816
pb	439	0442	473817
pb	440	0443	473818
pb	441	0444	473819
pb	442	0445	473820
pb	443	0446	473821
pb	444	0447	473822
pb	445	0448	473823
pb	446	0449	473824
pb	447	0450	473825
pb	448	0451	473826
pb	449	0452	473827
pb	450	0453	473828
pb	451	0454	473829
pb	452	0455	473830
pb	453	0456	473831
pb	454	0457	473832
pb	455	0458	473833
pb	456	0459	473834
pb	457	0460	473835
pb	458	0461	473836
pb	459	0462	473837
pb	460	0463	473838
pb	461	0464	473839
pb	462	0465	473840
pb	463	0466	473841
pb	464	0467	473842
pb	465	0468	473843
pb	466	0469	473844
pb	467	0470	473845
pb	468	0471	473846
pb	469	0472	473847
pb	470	0473	473848
pb	471	0474	473849
pb	472	0475	473850
pb	473	0476	473851
pb	474	0477	473852
pb	475	0478	473853
pb	476	0479	473854
pb	477	0480	473855
pb	478	0481	473856
pb	479	0482	473857
pb	480	0483	473858
pb	481	0484	473859
pb	482	0485	473860
pb	483	0486	473861
pb	484	0487	473862
pb	485	0488	473863
pb	486	0489	473864
pb	487	0490	473865
pb	488	0491	473866
pb	489	0492	473867
pb	490	0493	473868
pb	491	0494	473869
pb	492	0495	473870
pb	493	0496	473871
pb	494	0497	473872
pb	495	0498	473873
pb	496	0499	473874
pb	497	0500	473875
pb	498	0501	473876
pb	499	0502	473877
pb	500	0503	473878
pb	501	0504	473879
pb	502	0505	473880
pb	503	0506	473881
pb	504	0507	473882
pb	505	0508	473883
pb	506	0509	473884
pb	507	0510	473885
pb	508	0511	473886
pb	509	0512	473887
pb	510	0513	473888
pb	511	0514	473889
pb	512	0515	473890
pb	513	0516	473891
pb	514	0517	473892
pb	515	0518	473893
pb	516	0519	473894
pb	517	0520	473895
pb	518	0521	473896
pb	519	0522	473897
pb	520	0523	473898
pb	521	0524	473899
pb	522	0525	473900
pb	523	0526	473901
pb	524	0527	473902
pb	525	0528	473903
pb	526	0529	473904
pb	527	0530	473905
pb	528	0531	473906
pb	529	0532	473907
pb	530	0533	473908
pb	531	0534	473909
pb	532	0535	473910
pb	533	0536	473911
pb	534	0537	473912
pb	535	0538	473913
pb	536	0539	473914
pb	537	0540	473915
pb	538	0541	473916
pb	539	0542	473917
pb	540	0543	473918
pb	541	0544	473919
pb	542	0545	473920
pb	543	0546	473921
pb	544	0547	473922
pb	545	0548	473923
pb	546	0549	473924
pb	547	0550	473925
pb	548	0551	473926
pb	549	0552	473927
pb	550	0553	473928
pb	551	0554	473929
pb	552	0555	473930
pb	553	0556	473931
pb	554	0557	473932
pb	555	0558	473933
pb	556	0559	473934
pb	557	0560	473935
pb	558	0561	473936
pb	559	0562	473937
pb	560	0563	473938
pb	561	0564	473939
pb	562	0565	473940
pb	563	0566	473941
pb	564	0567	473942
pb	565	0568	473943
pb	566	0569	473944
pb	567	0570	473945
pb	568	0571	473946
pb	569	0572	473947
pb	570	0573	473948
pb	571	0574	473949
pb	572	0575	473950
pb	573	0576	473951
pb	574	0577	473952
pb	575	0578	473953
pb	576	0579	473954
pb	577	0580	473955
pb	578	0581	473956
pb	579	0582	473957
pb	580	0583	473958
pb	581	0584	473959
pb	582	0585	473960
pb	583	0586	473961
pb	584	0587	473962
pb	585	0588	473963
pb	586	0589	473964
pb	587	0590	473965
pb	588	0591	473966
pb	589	0592	473967
pb	590	0593	473968
pb	591	0594	473969
pb	592	0595	473970
pb	593	0596	473971
pb	594	0597	473972
pb	595	0598	473973
pb	[s. pag.]	0599	473974
entry	Table des principaux articles contenus dans ce volume		
pb	[s. pag.]	0600	473975
entry	Table alphabétique des matières		
pb	600	0601	473976
