pb	[s. pag.]	0001	7319521
pb	[s. pag.]	0002	7319522
pb	[s. pag.]	0003	7319523
pb	[s. pag.]	0004	7319524
pb	I	0005	7319525
pb	III	0006	7319526
pb	III	0007	7319527
pb	IV	0008	7319528
pb	V	0009	7319529
entry	Avis de l'Auteur sur le plan de cet Ouvrage		
pb	VI	0010	7319530
pb	VII	0011	7319531
pb	VIII	0012	7319532
pb	IX	0013	7319533
pb	X	0014	7319534
pb	XI	0015	7319535
pb	XII	0016	7319536
pb	XIII	0017	7319537
pb	XIV	0018	7319538
pb	XV	0019	7319539
pb	XVI	0020	7319540
pb	1	0021	7319541
entry	Dictionnaire Vétérinaire, et des animaux domestiques. Méd - Médecine vétérinaire		
orth	Dictionnaire Vétérinaire		
orth	des animaux domestiques. Méd - Médecine vétérinaire		
pb	2	0022	7319542
entry	Médecine vétérinaire		
pb	3	0023	7319543
pb	4	0024	7319544
pb	5	0025	7319545
pb	6	0026	7319546
pb	7	0027	7319547
pb	8	0028	7319548
pb	9	0029	7319549
pb	10	0030	7319550
pb	11	0031	7319551
pb	12	0032	7319552
pb	13	0033	7319553
pb	14	0034	7319554
pb	15	0035	7319555
pb	16	0036	7319556
pb	17	0037	7319557
pb	18	0038	7319558
pb	19	0039	7319559
pb	20	0040	7319560
pb	21	0041	7319561
pb	22	0042	7319562
pb	23	0043	7319563
pb	24	0044	7319564
pb	25	0045	7319565
pb	26	0046	7319566
pb	27	0047	7319567
pb	28	0048	7319568
pb	29	0049	7319569
pb	30	0050	7319570
pb	31	0051	7319571
pb	32	0052	7319572
pb	33	0053	7319573
pb	34	0054	7319574
pb	35	0055	7319575
pb	36	0056	7319576
pb	37	0057	7319577
pb	38	0058	7319578
pb	39	0059	7319579
pb	40	0060	7319580
pb	41	0061	7319581
pb	42	0062	7319582
pb	43	0063	7319583
pb	44	0064	7319584
pb	45	0065	7319585
pb	46	0066	7319586
pb	47	0067	7319587
pb	48	0068	7319588
pb	49	0069	7319589
pb	50	0070	7319590
pb	51	0071	7319591
pb	52	0072	7319592
pb	53	0073	7319593
pb	54	0074	7319594
pb	55	0075	7319595
pb	56	0076	7319596
pb	57	0077	7319597
pb	58	0078	7319598
pb	59	0079	7319599
pb	60	0080	7319600
pb	61	0081	7319601
pb	62	0082	7319602
pb	63	0083	7319603
pb	64	0084	7319604
pb	65	0085	7319605
pb	66	0086	7319606
pb	67	0087	7319607
pb	68	0088	7319608
pb	69	0089	7319609
pb	70	0090	7319610
pb	71	0091	7319611
pb	72	0092	7319612
pb	73	0093	7319613
pb	74	0094	7319614
pb	75	0095	7319615
pb	76	0096	7319616
pb	77	0097	7319617
pb	78	0098	7319618
pb	79	0099	7319619
pb	80	0100	7319620
pb	81	0101	7319621
pb	82	0102	7319622
pb	83	0103	7319623
pb	84	0104	7319624
pb	85	0105	7319625
pb	86	0106	7319626
pb	87	0107	7319627
pb	88	0108	7319628
pb	89	0109	7319629
pb	90	0110	7319630
pb	91	0111	7319631
pb	92	0112	7319632
pb	93	0113	7319633
pb	94	0114	7319634
pb	95	0115	7319635
pb	96	0116	7319636
pb	97	0117	7319637
pb	98	0118	7319638
pb	99	0119	7319639
pb	100	0120	7319640
pb	101	0121	7319641
pb	102	0122	7319642
pb	103	0123	7319643
pb	104	0124	7319644
pb	105	0125	7319645
pb	106	0126	7319646
pb	107	0127	7319647
pb	108	0128	7319648
pb	109	0129	7319649
pb	110	0130	7319650
pb	111	0131	7319651
pb	112	0132	7319652
pb	113	0133	7319653
pb	114	0134	7319654
pb	115	0135	7319655
pb	116	0136	7319656
pb	117	0137	7319657
pb	118	0138	7319658
pb	119	0139	7319659
pb	120	0140	7319660
pb	121	0141	7319661
pb	122	0142	7319662
pb	123	0143	7319663
pb	124	0144	7319664
pb	125	0145	7319665
pb	126	0146	7319666
pb	127	0147	7319667
pb	128	0148	7319668
pb	129	0149	7319669
pb	130	0150	7319670
pb	131	0151	7319671
pb	132	0152	7319672
pb	133	0153	7319673
pb	134	0154	7319674
pb	135	0155	7319675
pb	136	0156	7319676
pb	137	0157	7319677
pb	138	0158	7319678
pb	139	0159	7319679
pb	140	0160	7319680
pb	141	0161	7319681
pb	142	0162	7319682
pb	143	0163	7319683
entry	Médicament		
pb	144	0164	7319684
pb	145	0165	7319685
pb	146	0166	7319686
pb	147	0167	7319687
pb	148	0168	7319688
pb	149	0169	7319689
pb	150	0170	7319690
pb	151	0171	7319691
pb	152	0172	7319692
pb	153	0173	7319693
pb	154	0174	7319694
pb	155	0175	7319695
pb	156	0176	7319696
pb	157	0177	7319697
pb	158	0178	7319698
pb	159	0179	7319699
pb	160	0180	7319700
pb	161	0181	7319701
pb	162	0182	7319702
pb	163	0183	7319703
entry	Menée		
entry	Menus droits		
entry	Mera		
entry	Merlan		
pb	164	0184	7319704
pb	165	0185	7319705
pb	166	0186	7319706
pb	167	0187	7319707
entry	Merle		
pb	168	0188	7319708
pb	169	0189	7319709
pb	170	0190	7319710
pb	171	0191	7319711
pb	172	0192	7319712
pb	173	0193	7319713
pb	174	0194	7319714
entry	Merluche ou Merlu		
orth	Merluche		
orth	Merlu		
entry	Merlue		
entry	Mésange		
pb	175	0195	7319715
pb	176	0196	7319716
pb	177	0197	7319717
pb	178	0198	7319718
pb	179	0199	7319719
pb	180	0200	7319720
pb	181	0201	7319721
entry	Meunier		
pb	182	0202	7319722
entry	Meute		
pb	183	0203	7319723
entry	Miel		
pb	184	0204	7319724
pb	185	0205	7319725
pb	186	0206	7319726
pb	187	0207	7319727
pb	188	0208	7319728
pb	189	0209	7319729
entry	Migone		
entry	Milan		
pb	190	0210	7319730
entry	Mire		
entry	Moëlle		
pb	191	0211	7319731
entry	Moineau		
pb	192	0212	7319732
pb	193	0213	7319733
pb	194	0214	7319734
pb	195	0215	7319735
entry	Montée		
entry	Monter		
entry	Morue		
pb	196	0216	7319736
pb	197	0217	7319737
pb	198	0218	7319738
pb	199	0219	7319739
pb	200	0220	7319740
pb	201	0221	7319741
pb	202	0222	7319742
pb	203	0223	7319743
pb	204	0224	7319744
pb	205	0225	7319745
pb	206	0226	7319746
pb	207	0227	7319747
pb	208	0228	7319748
pb	209	0229	7319749
pb	210	0230	7319750
pb	211	0231	7319751
entry	Morve		
pb	212	0232	7319752
pb	213	0233	7319753
pb	214	0234	7319754
pb	215	0235	7319755
pb	216	0236	7319756
pb	217	0237	7319757
pb	218	0238	7319758
pb	219	0239	7319759
pb	220	0240	7319760
pb	221	0241	7319761
pb	222	0242	7319762
pb	223	0243	7319763
pb	224	0244	7319764
entry	Mouche		
pb	225	0245	7319765
pb	226	0246	7319766
pb	227	0247	7319767
pb	228	0248	7319768
entry	Mouche à miel		
pb	229	0249	7319769
pb	230	0250	7319770
pb	231	0251	7319771
pb	232	0252	7319772
pb	233	0253	7319773
pb	234	0254	7319774
pb	235	0255	7319775
pb	236	0256	7319776
pb	237	0257	7319777
pb	238	0258	7319778
pb	239	0259	7319779
pb	240	0260	7319780
pb	241	0261	7319781
pb	242	0262	7319782
pb	243	0263	7319783
pb	244	0264	7319784
pb	245	0265	7319785
pb	246	0266	7319786
pb	247	0267	7319787
pb	248	0268	7319788
pb	249	0269	7319789
pb	250	0270	7319790
pb	251	0271	7319791
pb	252	0272	7319792
pb	253	0273	7319793
pb	254	0274	7319794
pb	255	0275	7319795
pb	256	0276	7319796
pb	257	0277	7319797
pb	258	0278	7319798
pb	259	0279	7319799
pb	260	0280	7319800
pb	261	0281	7319801
pb	262	0282	7319802
pb	263	0283	7319803
pb	264	0284	7319804
pb	265	0285	7319805
pb	266	0286	7319806
pb	267	0287	7319807
pb	268	0288	7319808
pb	269	0289	7319809
pb	270	0290	7319810
pb	271	0291	7319811
pb	272	0292	7319812
pb	273	0293	7319813
pb	274	0294	7319814
pb	275	0295	7319815
pb	276	0296	7319816
pb	277	0297	7319817
pb	278	0298	7319818
pb	279	0299	7319819
pb	280	0300	7319820
pb	281	0301	7319821
pb	282	0302	7319822
pb	283	0303	7319823
pb	284	0304	7319824
pb	285	0305	7319825
pb	286	0306	7319826
pb	287	0307	7319827
pb	288	0308	7319828
pb	289	0309	7319829
pb	290	0310	7319830
entry	Mouche cantharide		
pb	291	0311	7319831
entry	Moucheron		
pb	292	0312	7319832
pb	293	0313	7319833
entry	Mouchet ou Emouchet		
orth	Mouchet		
orth	Emouchet		
entry	Mouée		
entry	Movette		
pb	294	0314	7319834
pb	295	0315	7319835
entry	Moule		
pb	296	0316	7319836
pb	297	0317	7319837
pb	298	0318	7319838
pb	299	0319	7319839
pb	300	0320	7319840
pb	301	0321	7319841
pb	302	0322	7319842
pb	303	0323	7319843
pb	304	0324	7319844
pb	305	0325	7319845
entry	Mouton		
pb	306	0326	7319846
pb	307	0327	7319847
pb	308	0328	7319848
pb	309	0329	7319849
pb	310	0330	7319850
pb	311	0331	7319851
pb	312	0332	7319852
pb	313	0333	7319853
pb	314	0334	7319854
pb	315	0335	7319855
pb	316	0336	7319856
pb	317	0337	7319857
pb	318	0338	7319858
pb	319	0339	7319859
pb	320	0340	7319860
pb	321	0341	7319861
pb	322	0342	7319862
pb	323	0343	7319863
pb	324	0344	7319864
pb	325	0345	7319865
pb	326	0346	7319866
pb	327	0347	7319867
pb	328	0348	7319868
pb	329	0349	7319869
pb	330	0350	7319870
pb	331	0351	7319871
pb	332	0352	7319872
pb	333	0353	7319873
pb	334	0354	7319874
pb	335	0355	7319875
pb	336	0356	7319876
pb	337	0357	7319877
pb	338	0358	7319878
pb	339	0359	7319879
pb	340	0360	7319880
pb	341	0361	7319881
pb	342	0362	7319882
pb	343	0363	7319883
pb	344	0364	7319884
pb	345	0365	7319885
pb	346	0366	7319886
pb	347	0367	7319887
pb	348	0368	7319888
pb	349	0369	7319889
pb	350	0370	7319890
pb	351	0371	7319891
pb	352	0372	7319892
pb	353	0373	7319893
pb	354	0374	7319894
pb	355	0375	7319895
pb	356	0376	7319896
pb	357	0377	7319897
pb	358	0378	7319898
pb	359	0379	7319899
pb	360	0380	7319900
pb	361	0381	7319901
pb	362	0382	7319902
pb	363	0383	7319903
pb	364	0384	7319904
pb	365	0385	7319905
pb	366	0386	7319906
pb	367	0387	7319907
pb	368	0388	7319908
pb	369	0389	7319909
pb	370	0390	7319910
pb	371	0391	7319911
pb	372	0392	7319912
pb	373	0393	7319913
pb	374	0394	7319914
pb	375	0395	7319915
pb	376	0396	7319916
pb	377	0397	7319917
pb	378	0398	7319918
pb	379	0399	7319919
pb	380	0400	7319920
pb	381	0401	7319921
pb	382	0402	7319922
pb	383	0403	7319923
pb	384	0404	7319924
pb	385	0405	7319925
pb	386	0406	7319926
pb	387	0407	7319927
pb	388	0408	7319928
pb	389	0409	7319929
pb	390	0410	7319930
pb	391	0411	7319931
pb	392	0412	7319932
pb	393	0413	7319933
pb	394	0414	7319934
pb	395	0415	7319935
pb	396	0416	7319936
pb	397	0417	7319937
pb	398	0418	7319938
pb	399	0419	7319939
pb	400	0420	7319940
pb	401	0421	7319941
pb	402	0422	7319942
pb	403	0423	7319943
pb	404	0424	7319944
pb	405	0425	7319945
pb	406	0426	7319946
pb	407	0427	7319947
pb	408	0428	7319948
pb	409	0429	7319949
pb	410	0430	7319950
pb	411	0431	7319951
pb	412	0432	7319952
pb	413	0433	7319953
pb	414	0434	7319954
pb	415	0435	7319955
pb	416	0436	7319956
entry	Mue		
pb	[s. pag.]	0437	7319957
entry	Mulet		
pb	[s. pag.]	0438	7319958
pb	417	0439	7319959
entry	Mue		
entry	Muette		
entry	Muffle		
entry	Mulet		
pb	418	0440	7319960
pb	419	0441	7319961
pb	420	0442	7319962
entry	Mulot		
pb	421	0443	7319963
pb	422	0444	7319964
pb	423	0445	7319965
pb	424	0446	7319966
pb	425	0447	7319967
pb	426	0448	7319968
pb	427	0449	7319969
entry	Mulotter		
entry	Musaraigne		
pb	428	0450	7319970
pb	429	0451	7319971
pb	430	0452	7319972
pb	431	0453	7319973
pb	432	0454	7319974
pb	433	0455	7319975
pb	434	0456	7319976
entry	Muscadin		
pb	435	0457	7319977
entry	Muzer		
pb	436	0458	7319978
entry	N - Nacelle		
entry	Nageoire		
entry	Nappe		
pb	437	0459	7319979
entry	Nasse		
entry	Nerf de boeuf		
pb	438	0460	7319980
entry	Nerf		
entry	Nouées		
entry	Nourris, ou Nourriture		
orth	Nourris		
orth	Nourriture		
pb	439	0461	7319981
entry	O - Oesype		
entry	Oeuf		
pb	440	0462	7319982
pb	441	0463	7319983
pb	442	0464	7319984
pb	443	0465	7319985
pb	444	0466	7319986
pb	445	0467	7319987
pb	446	0468	7319988
entry	Oiseau		
pb	447	0469	7319989
pb	448	0470	7319990
pb	449	0471	7319991
pb	450	0472	7319992
pb	451	0473	7319993
entry	Oiseleur, ou Oiselier		
orth	Oiseleur		
orth	Oiselier		
pb	452	0474	7319994
entry	Ortolan		
pb	453	0475	7319995
pb	454	0476	7319996
pb	455	0477	7319997
pb	456	0478	7319998
pb	457	0479	7319999
pb	458	0480	7320000
pb	459	0481	7320001
pb	460	0482	7320002
entry	Os		
pb	461	0483	7320003
pb	462	0484	7320004
entry	Outarde		
pb	463	0485	7320005
pb	464	0486	7320006
entry	Oye		
pb	[s. pag.]	0487	7320007
pb	[s. pag.]	0488	7320008
pb	[s. pag.]	0489	7320009
pb	465	0490	7320010
pb	466	0491	7320011
pb	467	0492	7320012
pb	468	0493	7320013
pb	469	0494	7320014
pb	470	0495	7320015
pb	471	0496	7320016
pb	472	0497	7320017
pb	473	0498	7320018
pb	474	0499	7320019
pb	475	0500	7320020
entry	P - Pacage		
entry	Paitre		
entry	Palefrenier		
pb	476	0501	7320021
pb	477	0502	7320022
pb	478	0503	7320023
pb	479	0504	7320024
pb	480	0505	7320025
pb	481	0506	7320026
pb	482	0507	7320027
pb	483	0508	7320028
entry	Panier		
pb	484	0509	7320029
entry	Pantiere		
pb	485	0510	7320030
pb	486	0511	7320031
pb	487	0512	7320032
pb	488	0513	7320033
pb	489	0514	7320034
pb	490	0515	7320035
pb	491	0516	7320036
pb	492	0517	7320037
pb	493	0518	7320038
pb	494	0519	7320039
entry	Paon		
pb	495	0520	7320040
pb	496	0521	7320041
pb	497	0522	7320042
pb	498	0523	7320043
pb	499	0524	7320044
pb	500	0525	7320045
pb	501	0526	7320046
pb	502	0527	7320047
pb	503	0528	7320048
pb	504	0529	7320049
pb	505	0530	7320050
pb	506	0531	7320051
pb	507	0532	7320052
pb	508	0533	7320053
entry	Parc		
pb	509	0534	7320054
pb	510	0535	7320055
entry	Parchasser		
entry	Pariade		
entry	Parquer des moutons		
entry	Parquer les huitres		
entry	Passée		
pb	511	0536	7320056
entry	Paste		
entry	Pastir		
entry	Pastre		
entry	Pasturage		
entry	Pasture		
pb	512	0537	7320057
entry	Patte		
entry	Paumelle		
entry	Paumure		
entry	Peau		
pb	513	0538	7320058
entry	Pêche		
pb	514	0539	7320059
pb	515	0540	7320060
pb	516	0541	7320061
pb	517	0542	7320062
entry	Pêcherie		
entry	Peigne		
entry	Peintade		
pb	518	0543	7320063
pb	[s. pag.]	0544	7320064
pb	[s. pag.]	0545	7320065
pb	519	0546	7320066
pb	520	0547	7320067
entry	Pelage		
entry	Pepie		
entry	Perche		
pb	521	0548	7320068
pb	522	0549	7320069
pb	523	0550	7320070
pb	524	0551	7320071
pb	525	0552	7320072
entry	Perdrix		
pb	526	0553	7320073
pb	527	0554	7320074
pb	528	0555	7320075
pb	529	0556	7320076
pb	530	0557	7320077
pb	531	0558	7320078
pb	532	0559	7320079
pb	533	0560	7320080
pb	534	0561	7320081
pb	535	0562	7320082
pb	536	0563	7320083
pb	537	0564	7320084
pb	538	0565	7320085
pb	539	0566	7320086
pb	540	0567	7320087
pb	541	0568	7320088
pb	542	0569	7320089
pb	543	0570	7320090
pb	544	0571	7320091
pb	545	0572	7320092
pb	546	0573	7320093
pb	547	0574	7320094
entry	Perlures		
entry	Perroquet		
pb	548	0575	7320095
pb	549	0576	7320096
pb	550	0577	7320097
entry	Pic		
pb	551	0578	7320098
pb	552	0579	7320099
pb	553	0580	7320100
entry	Pie		
pb	554	0581	7320101
pb	555	0582	7320102
pb	556	0583	7320103
pb	557	0584	7320104
entry	Pied		
pb	558	0585	7320105
pb	559	0586	7320106
pb	560	0587	7320107
pb	561	0588	7320108
pb	562	0589	7320109
pb	563	0590	7320110
pb	564	0591	7320111
pb	565	0592	7320112
pb	566	0593	7320113
pb	567	0594	7320114
pb	568	0595	7320115
pb	569	0596	7320116
pb	570	0597	7320117
pb	571	0598	7320118
pb	572	0599	7320119
pb	573	0600	7320120
pb	574	0601	7320121
pb	575	0602	7320122
pb	576	0603	7320123
pb	577	0604	7320124
pb	578	0605	7320125
pb	579	0606	7320126
pb	580	0607	7320127
pb	581	0608	7320128
pb	582	0609	7320129
pb	583	0610	7320130
pb	584	0611	7320131
pb	585	0612	7320132
pb	586	0613	7320133
pb	587	0614	7320134
pb	588	0615	7320135
entry	Pigeon		
pb	[s. pag.]	0616	7320136
pb	[s. pag.]	0617	7320137
pb	[s. pag.]	0618	7320138
pb	[s. pag.]	0619	7320139
pb	[s. pag.]	0620	7320140
pb	589	0621	7320141
pb	590	0622	7320142
pb	[s. pag.]	0623	7320143
pb	[s. pag.]	0624	7320144
pb	[s. pag.]	0625	7320145
pb	[s. pag.]	0626	7320146
pb	[s. pag.]	0627	7320147
pb	591	0628	7320148
pb	592	0629	7320149
pb	593	0630	7320150
pb	594	0631	7320151
pb	595	0632	7320152
pb	596	0633	7320153
pb	597	0634	7320154
pb	598	0635	7320155
pb	599	0636	7320156
pb	600	0637	7320157
pb	601	0638	7320158
pb	602	0639	7320159
pb	603	0640	7320160
pb	604	0641	7320161
pb	605	0642	7320162
pb	606	0643	7320163
pb	607	0644	7320164
pb	608	0645	7320165
pb	609	0646	7320166
pb	610	0647	7320167
pb	611	0648	7320168
pb	612	0649	7320169
pb	613	0650	7320170
pb	614	0651	7320171
entry	Pillart		
entry	Pinces		
entry	Pinne marine		
pb	615	0652	7320172
entry	Pinson		
pb	616	0653	7320173
pb	617	0654	7320174
pb	618	0655	7320175
pb	619	0656	7320176
pb	620	0657	7320177
entry	Pinsonnée		
pb	621	0658	7320178
pb	622	0659	7320179
pb	623	0660	7320180
entry	Pipau		
entry	Pipée		
pb	624	0661	7320181
pb	625	0662	7320182
pb	626	0663	7320183
pb	627	0664	7320184
pb	628	0665	7320185
pb	629	0666	7320186
entry	Piper		
entry	Piquer		
entry	Piquer la sonnette		
pb	630	0667	7320187
entry	Piqueur		
entry	Piquures		
entry	Pis		
entry	Piste		
entry	Pivoine ou Bouvreuil		
orth	Pivoine		
orth	Bouvreuil		
pb	631	0668	7320188
pb	632	0669	7320189
entry	Plaisir du Roi		
entry	Plate-longe		
entry	Plateaux		
entry	Plomber		
entry	Plomb		
entry	Plongeon		
pb	633	0670	7320190
pb	634	0671	7320191
pb	[s. pag.]	0672	7320192
pb	[s. pag.]	0673	7320193
pb	[s. pag.]	0674	7320194
pb	[s. pag.]	0675	7320195
pb	[s. pag.]	0676	7320196
pb	[s. pag.]	0677	7320197
